"","...1","lad11cd","lad11nm","number_of_graduates","number_of_retained_graduates","graduate_retention_rate","RUC11","Broad_RUC11","la_population_2011","median_weekly_pay_2018","median_house_price_2018","l4_plus_share_2011","enterprise_count_2018","la_weighted_imd_decile","la_population","la_imd_decile","arts_council_funding_201819","arts_council_per_head_201819","jobs_density_2018","gva_2018"
"1",1,"E06000001","Hartlepool",1350,954,0.706666666666667,"Urban with City and Town","Predominantly Urban",92000,"434.6",125000,"17.6",2305,303646,85294,4,126314.00001187,137.297826099859,"0.57",27.8
"2",2,"E06000002","Middlesbrough",1955,1412,0.722250639386189,"Urban with City and Town","Predominantly Urban",138400,"378.5",125000,"18.5",3190,456826,133446,3,887177,641.023843930636,"0.76",29.6
"3",3,"E06000003","Redcar and Cleveland",1885,1133,0.60106100795756,"Urban with Significant Rural (rural including hub towns 26-49%)","Urban with Significant Rural",135200,"393.7",130000,"18.9",3175,622475,144465,4,239979,177.49926035503,"0.56",26.6
"4",4,"E06000004","Stockton-on-Tees",2890,1760,0.608996539792388,"Urban with City and Town","Predominantly Urban",191600,"423.6",145000,"22.8",5400,841028,166009,5,2109197,1100.83350730689,"0.75",35.7
"5",5,"E06000005","Darlington",1220,725,0.594262295081967,"Urban with City and Town","Predominantly Urban",105600,"415.1",138000,"23.7",3165,458518,89684,5,291232,275.787878787879,"0.83",31.2
"6",6,"E06000006","Halton",1680,1230,0.732142857142857,"Urban with City and Town","Predominantly Urban",125800,"425.2",141625,"17.6",3500,499038,126057,4,55863,44.406200317965,"0.89",37.8
"7",7,"E06000007","Warrington",3245,2174,0.669953775038521,"Urban with City and Town","Predominantly Urban",202200,"468.8",179500,"27.4",9775,1208564,199497,6,592732,293.141444114738,"1.14",33.3
"8",8,"E06000008","Blackburn with Darwen",2645,1935,0.731568998109641,"Urban with City and Town","Predominantly Urban",147500,"383.2",115000,"19.8",4960,502291,154066,3,425538,288.500338983051,"0.85",27.1
"9",9,"E06000009","Blackpool",1850,1201,0.649189189189189,"Urban with City and Town","Predominantly Urban",142100,"351",113000,"15.5",3905,347456,142407,2,613775,431.931738212526,"0.85",26.5
"10",10,"E06000010","Kingston upon Hull, City of",3035,2155,0.71004942339374,"Urban with City and Town","Predominantly Urban",256400,"379.6",111000,"15.2",6075,693431,243024,3,5017582,1956.9352574103,"0.83",28.3
"11",11,"E06000011","East Riding of Yorkshire",2610,1210,0.46360153256705,"Largely Rural (rural including hub towns 50-79%)","Predominantly Rural",334200,"438.7",175000,"25.9",13935,2204381,325973,7,896778,268.335727109515,"0.76",31.3
"12",12,"E06000012","North East Lincolnshire",1785,906,0.507563025210084,"Urban with City and Town","Predominantly Urban",159600,"398.8",129000,"16.2",4570,568695,136367,4,2739296,1716.35087719298,"0.78",27.6
"13",13,"E06000013","North Lincolnshire",1080,624,0.577777777777778,"Urban with Significant Rural (rural including hub towns 26-49%)","Urban with Significant Rural",167400,"424.1",135000,"19.5",5390,888795,166342,5,487311,291.105734767025,"0.8",34.2
"14",14,"E06000014","York",1985,1155,0.581863979848867,"Urban with City and Town","Predominantly Urban",198000,"406",230000,"32.4",7010,1544158,201158,8,3660283,1848.62777777778,"0.91",35.5
"15",15,"E06000015","Derby",3555,2460,0.691983122362869,"Urban with City and Town","Predominantly Urban",248700,"482.6",148000,"24.2",7210,1220937,259850,5,4164296,1674.42541214314,"0.93",32.6
"16",16,"E06000016","Leicester",5528,4240,0.767004341534009,"Urban with City and Town","Predominantly Urban",329900,"369.9",160000,"21.2",12400,1122124,325922,3,10415750,3157.24461958169,"0.76",30.3
"17",17,"E06000017","Rutland",155,70,0.451612903225806,"Mainly Rural (rural including hub towns >=80%)","Predominantly Rural",37400,"458.8",250000,"32.9",1910,288543,33777,9,21011,56.1791443850267,"0.87",30.6
"18",18,"E06000018","Nottingham",2920,2034,0.696575342465753,"Urban with Minor Conurbation","Predominantly Urban",305700,"383.3",133000,"21.9",9035,844432,293114,3,8077331.0000108,2642.24108603559,"0.95",30.6
"19",19,"E06000019","Herefordshire, County of",1080,525,0.486111111111111,"Largely Rural (rural including hub towns 50-79%)","Predominantly Rural",183500,"379.9",224972.5,"27.5",10130,1011666,183567,6,2163415,1178.9727520436,"0.93",24.1
"20",20,"E06000020","Telford and Wrekin",2015,1196,0.593548387096774,"Urban with City and Town","Predominantly Urban",166600,"415.9",160995,"20.9",4940,774113,162253,5,1067538,640.779111644658,"0.86",30.8
"21",21,"E06000021","Stoke-on-Trent",2995,2174,0.725876460767947,"Urban with City and Town","Predominantly Urban",249000,"406.3",112500,"15.5",6015,794354,236783,3,632738,254.111646586345,"0.84",27.1
"22",22,"E06000022","Bath and North East Somerset",1780,965,0.542134831460674,"Urban with Significant Rural (rural including hub towns 26-49%)","Urban with Significant Rural",176000,"444.1",319622.5,"33.4",8240,1389699,182938,8,855808.999979331,486.25511362462,"0.84",28.6
"23",23,"E06000023","Bristol, City of",3780,2688,0.711111111111111,"Urban with City and Town","Predominantly Urban",428200,"470.3",260000,"32.8",18005,2030856,437593,5,11200205.9999471,2615.64829517682,"0.98",32.1
"24",24,"E06000024","North Somerset",2195,1175,0.535307517084282,"Urban with Significant Rural (rural including hub towns 26-49%)","Urban with Significant Rural",202600,"450.3",250000,"28.4",8655,1409872,205446,7,563071,277.922507403751,"0.82",29.4
"25",25,"E06000025","South Gloucestershire",2773,1717,0.619184998196899,"Urban with City and Town","Predominantly Urban",262800,"452",262000,"26.7",10105,1890708,248366,8,721786.000005635,274.652207003666,"0.95",46.3
"26",26,"E06000026","Plymouth",3030,1880,0.62046204620462,"Urban with City and Town","Predominantly Urban",256400,"440.8",173500,"21.5",5680,1136966,250017,5,10169906,3966.42199687988,"0.77",31.1
"27",27,"E06000027","Torbay",1600,785,0.490625,"Urban with City and Town","Predominantly Urban",131000,"354.3",194500,"20.6",4010,538771,133014,4,472941,361.023664122137,"0.74",23.8
"28",28,"E06000028","Bournemouth",1850,1116,0.603243243243243,"Urban with City and Town","Predominantly Urban",183500,"436",240000,"26.4",6585,0,0,NA,NA,NA,"0.81",NA
"29",29,"E06000029","Poole",2125,1235,0.581176470588235,"Urban with City and Town","Predominantly Urban",147600,"457.2",278000,"25.5",6235,0,0,NA,NA,NA,"1.04",NA
"30",30,"E06000030","Swindon",2325,1459,0.62752688172043,"Urban with City and Town","Predominantly Urban",209200,"479.6",220000,"22.7",7395,1290477,211645,6,1044338.00001461,499.20554494006,"0.91",49.6
"31",31,"E06000031","Peterborough",2160,1404,0.65,"Urban with City and Town","Predominantly Urban",183600,"421",176000,"20.2",6840,792996,190126,4,877636.999347052,478.015794851335,"1.03",33.7
"32",32,"E06000032","Luton",3700,2745,0.741891891891892,"Urban with City and Town","Predominantly Urban",203200,"438.6",240000,"22.3",6865,872620,204772,4,1031024.999741,507.394192785925,"0.78",35
"33",33,"E06000033","Southend-on-Sea",2520,1726,0.684920634920635,"Urban with City and Town","Predominantly Urban",173600,"488.4",269000,"21.8",6850,966406,179244,5,1748283.0005148,1007.07546112604,"0.75",26.1
"34",34,"E06000034","Thurrock",1715,1100,0.641399416909621,"Urban with Major Conurbation","Predominantly Urban",157700,"476.7",280000,"17.4",6190,828692,157006,5,971890,616.290424857324,"0.71",35
"35",35,"E06000035","Medway",3605,2234,0.619694868238558,"Urban with City and Town","Predominantly Urban",263900,"486.1",239000,"19.1",8410,1263679,260252,5,1886661,714.915119363395,"0.63",36
"36",36,"E06000036","Bracknell Forest",1617,1011,0.625231910946197,"Urban with City and Town","Predominantly Urban",113200,"524.5",331000,"30.3",4665,826397,104272,8,14700,12.9858657243816,"0.9",47.2
"37",37,"E06000037","West Berkshire",1458,830,0.569272976680384,"Urban with Significant Rural (rural including hub towns 26-49%)","Urban with Significant Rural",153800,"512.5",340000,"32.1",8925,1215857,150893,8,817046,531.239271781535,"1.17",43.7
"38",38,"E06000038","Reading",2158,1437,0.665894346617238,"Urban with City and Town","Predominantly Urban",155700,"505.9",305000,"34.8",6880,879115,154794,6,1582537,1016.40141297367,"1.09",43.2
"39",39,"E06000039","Slough",2459,1861,0.756811712078081,"Urban with City and Town","Predominantly Urban",140200,"522.6",320000,"25.8",6130,622437,137124,5,483853.999847243,345.116975639974,"1.03",55.3
"40",40,"E06000040","Windsor and Maidenhead",2003,1254,0.626060908637044,"Urban with City and Town","Predominantly Urban",144600,"574.9",480000,"38.4",9400,1305308,153893,8,97564,67.4716459197787,"1.07",52.2
"41",41,"E06000041","Wokingham",2505,1531,0.611177644710579,"Urban with City and Town","Predominantly Urban",154400,"601.6",425000,"40",8635,1367737,146755,9,140385,90.9229274611399,"0.9",48.7
"42",42,"E06000042","Milton Keynes",3726,2249,0.603596349973162,"Urban with City and Town","Predominantly Urban",248800,"516.3",272000,"28.2",12400,1321646,225510,6,1837438,738.520096463022,"1.17",41.4
"43",43,"E06000043","Brighton and Hove",2648,1603,0.60536253776435,"Urban with City and Town","Predominantly Urban",273400,"470.8",347500,"36.9",13950,1555105,279920,6,7722546,2824.63277249451,"0.84",34.5
"44",44,"E06000044","Portsmouth",2000,1350,0.675,"Urban with City and Town","Predominantly Urban",205100,"423.1",207500,"23.7",5830,850853,194882,4,762615,371.825938566553,"0.88",35.6
"45",45,"E06000045","Southampton",2260,1521,0.673008849557522,"Urban with City and Town","Predominantly Urban",236900,"443.1",211500,"24.6",6745,952647,228480,4,4288573,1810.28830730266,"0.75",43.7
"46",46,"E06000046","Isle of Wight",1130,440,0.389380530973451,"Mainly Rural (rural including hub towns >=80%)","Predominantly Rural",138300,"402.5",2e+05,"22.6",4585,663382,144065,5,373161,269.819956616052,"0.79",28.9
"47",47,"E06000047","County Durham",4096,2257,0.551025390625,"Largely Rural (rural including hub towns 50-79%)","Predominantly Rural",513200,"448.4",115000,"21.5",13685,2010887,469383,4,2879341,561.056313328137,"0.62",29.1
"48",48,"E06000048","Northumberland",2895,1580,0.545768566493955,"Largely Rural (rural including hub towns 50-79%)","Predominantly Rural",316000,"416.5",159950,"25.6",11240,1443007,277806,5,2516726,796.432278481013,"0.67",27.6
"49",49,"E06000049","Cheshire East",4735,2700,0.570221752903907,"Urban with Significant Rural (rural including hub towns 26-49%)","Urban with Significant Rural",370100,"466.6",225000,"32",20225,2488844,353742,7,666526,180.09348824642,"0.96",40.2
"50",50,"E06000050","Cheshire West and Chester",3520,2130,0.605113636363636,"Urban with Significant Rural (rural including hub towns 26-49%)","Urban with Significant Rural",329600,"460.4",199950,"29.4",14060,2103144,330825,6,1620667,491.707220873786,"0.96",36.6
"51",51,"E06000051","Shropshire",1980,1020,0.515151515151515,"Largely Rural (rural including hub towns 50-79%)","Predominantly Rural",306100,"439.8",210000,"27.5",15710,1780857,297596,6,1517095,495.62071218556,"0.83",27.2
"52",52,"E06000052","Cornwall",3195,1470,0.460093896713615,"Mainly Rural (rural including hub towns >=80%)","Predominantly Rural",532300,"374.2",220000,"25",23795,2445721,536005,5,5316116,998.706744317114,"0.86",26.9
"53",53,"E06000054","Wiltshire",4060,1940,0.477832512315271,"Largely Rural (rural including hub towns 50-79%)","Predominantly Rural",471000,"451.9",266475,"29.5",22520,3055277,433911,7,3068652,651.51847133758,"0.88",32.3
"54",54,"E06000055","Bedford",1520,964,0.634210526315789,"Urban with Significant Rural (rural including hub towns 26-49%)","Urban with Significant Rural",157500,"484.1",270000,"28.1",6915,812915,144754,6,505267,320.804444444444,"0.82",30
"55",55,"E06000056","Central Bedfordshire",2469,1401,0.567436208991494,"Largely Rural (rural including hub towns 50-79%)","Predominantly Rural",254400,"498.7",309995,"27.3",13015,1845561,246233,7,703038.000015,276.351415100236,"0.7",32.4
"56",56,"E07000004","Aylesbury Vale",1460,840,0.575342465753425,"Largely Rural (rural including hub towns 50-79%)","Predominantly Rural",174100,"507.9",330000,"32",9715,0,0,NA,NA,NA,"0.79",NA
"57",57,"E07000005","Chiltern",1855,1064,0.573584905660377,"Urban with Significant Rural (rural including hub towns 26-49%)","Urban with Significant Rural",92600,"559.9",545000,"41",6310,0,0,NA,NA,NA,"0.75",NA
"58",58,"E07000006","South Bucks",1006,650,0.646123260437376,"Urban with Significant Rural (rural including hub towns 26-49%)","Urban with Significant Rural",66900,"556.9",580000,"36.9",5205,0,0,NA,NA,NA,"1.01",NA
"59",59,"E07000007","Wycombe",2770,1750,0.631768953068592,"Urban with Significant Rural (rural including hub towns 26-49%)","Urban with Significant Rural",171700,"534.9",380000,"33.6",9490,0,0,NA,NA,NA,"0.94",NA
"60",60,"E07000008","Cambridge",1321,804,0.608629825889478,"Urban with City and Town","Predominantly Urban",123900,"553.7",430000,"47.3",4965,615547,96767,6,3949660,3187.78046811945,"1.38",36.1
"61",61,"E07000009","East Cambridgeshire",453,234,0.516556291390728,"Mainly Rural (rural including hub towns >=80%)","Predominantly Rural",83800,"470.9",278000,"29",4080,592831,79112,7,54510,65.0477326968974,"0.72",31
"62",62,"E07000010","Fenland",701,365,0.520684736091298,"Largely Rural (rural including hub towns 50-79%)","Predominantly Rural",95300,"427.1",180000,"14.9",3480,410547,99409,4,7000,7.34522560335782,"0.7",26
"63",63,"E07000011","Huntingdonshire",1475,750,0.508474576271186,"Mainly Rural (rural including hub towns >=80%)","Predominantly Rural",169500,"508.1",262995,"27.9",7690,1181823,161480,7,705155,416.020648967552,"0.78",34.3
"64",64,"E07000012","South Cambridgeshire",794,421,0.530226700251889,"Largely Rural (rural including hub towns 50-79%)","Predominantly Rural",148800,"572",364995,"40.1",8170,1160906,138323,8,661505.999533232,444.56048355728,"0.98",35.5
"65",65,"E07000026","Allerdale",675,290,0.42962962962963,"Mainly Rural (rural including hub towns >=80%)","Predominantly Rural",96400,"433.5",160000,"22.8",4470,470732,94004,5,NA,NA,"0.8",NA
"66",66,"E07000027","Barrow-in-Furness",735,425,0.578231292517007,"Urban with Significant Rural (rural including hub towns 26-49%)","Urban with Significant Rural",69100,"495.5",120000,"19",1910,281831,67874,4,NA,NA,"0.8",NA
"67",67,"E07000028","Carlisle",735,430,0.585034013605442,"Urban with Significant Rural (rural including hub towns 26-49%)","Urban with Significant Rural",107500,"401.9",138375,"22.2",4715,530178,102981,5,NA,NA,"0.99",NA
"68",68,"E07000029","Copeland",395,120,0.30379746835443,"Mainly Rural (rural including hub towns >=80%)","Predominantly Rural",70600,"478.7",125000,"21",2440,285823,62933,5,NA,NA,"0.92",NA
"69",69,"E07000030","Eden",170,90,0.529411764705882,"Mainly Rural (rural including hub towns >=80%)","Predominantly Rural",52600,"390",191000,"27.4",3640,328039,53655,6,NA,NA,"0.98",NA
"70",70,"E07000031","South Lakeland",700,305,0.435714285714286,"Mainly Rural (rural including hub towns >=80%)","Predominantly Rural",103700,"433",230000,"33.4",6410,693062,97251,7,NA,NA,"1.06",NA
"71",71,"E07000032","Amber Valley",1330,705,0.530075187969925,"Urban with Minor Conurbation","Predominantly Urban",122300,"427",166000,"23.2",4425,728016,122083,6,207942,170.026165167621,"0.72",30.7
"72",72,"E07000033","Bolsover",525,270,0.514285714285714,"Urban with Significant Rural (rural including hub towns 26-49%)","Urban with Significant Rural",75900,"384.9",125950,"15.8",2145,308805,73591,4,87525,115.316205533597,"0.67",40.3
"73",73,"E07000034","Chesterfield",1450,885,0.610344827586207,"Urban with City and Town","Predominantly Urban",103800,"400",145000,"21",3270,481025,104154,5,108348.99989942,104.382466184412,"0.93",28
"74",74,"E07000035","Derbyshire Dales",510,270,0.529411764705882,"Mainly Rural (rural including hub towns >=80%)","Predominantly Rural",71100,"413.5",246000,"33.4",4690,454572,59984,8,1777835,2500.4711673699,"1.04",24.2
"75",75,"E07000036","Erewash",1230,695,0.565040650406504,"Urban with Minor Conurbation","Predominantly Urban",112100,"450.5",147000,"20.7",3790,677753,113711,6,0,0,"0.66",24.6
"76",76,"E07000037","High Peak",1121,676,0.603033006244425,"Largely Rural (rural including hub towns 50-79%)","Predominantly Rural",90900,"445.7",185000,"29.4",3900,605412,91170,7,391084,430.235423542354,"0.73",25.2
"77",77,"E07000038","North East Derbyshire",950,515,0.542105263157895,"Urban with City and Town","Predominantly Urban",99000,"410.2",180000,"22.2",3280,606274,97837,6,4480,4.52525252525253,"0.59",29
"78",78,"E07000039","South Derbyshire",605,345,0.570247933884298,"Urban with Significant Rural (rural including hub towns 26-49%)","Urban with Significant Rural",94600,"502.1",198500,"26",3695,615059,91348,7,83999,88.7938689217759,"0.57",52.1
"79",79,"E07000040","East Devon",910,365,0.401098901098901,"Largely Rural (rural including hub towns 50-79%)","Predominantly Rural",132500,"392.7",270000,"29.1",6385,960925,131995,7,107678,81.2664150943396,"0.84",30.7
"80",80,"E07000041","Exeter",980,545,0.556122448979592,"Urban with City and Town","Predominantly Urban",117800,"406.6",246000,"28.6",4105,698605,111160,6,2138935,1815.73429541596,"1.23",35.4
"81",81,"E07000042","Mid Devon",340,150,0.441176470588235,"Mainly Rural (rural including hub towns >=80%)","Predominantly Rural",77800,"416.6",227000,"26.4",4520,459371,78603,6,1016256,1306.24164524422,"0.68",26
"82",82,"E07000043","North Devon",665,310,0.466165413533835,"Largely Rural (rural including hub towns 50-79%)","Predominantly Rural",93700,"356.8",236000,"22.9",4920,495087,94920,5,152893.999904106,163.173959342696,"1.08",27.4
"83",83,"E07000044","South Hams",550,200,0.363636363636364,"Mainly Rural (rural including hub towns >=80%)","Predominantly Rural",83100,"410.2",285000,"34.3",5115,585046,86458,7,146165,175.890493381468,"1.05",29.4
"84",84,"E07000045","Teignbridge",765,365,0.477124183006536,"Largely Rural (rural including hub towns 50-79%)","Predominantly Rural",124200,"402.5",242000,"28",5755,811072,127481,6,318561,256.490338164251,"0.73",27.4
"85",85,"E07000046","Torridge",305,105,0.344262295081967,"Mainly Rural (rural including hub towns >=80%)","Predominantly Rural",63800,"409.7",215000,"21.7",3610,293435,65405,4,113200,177.429467084639,"0.7",24.5
"86",86,"E07000047","West Devon",305,145,0.475409836065574,"Mainly Rural (rural including hub towns >=80%)","Predominantly Rural",53500,"382.6",220000,"30",3160,296689,52714,6,46907,87.6766355140187,"0.68",23.8
"87",87,"E07000048","Christchurch",573,312,0.544502617801047,"Urban with City and Town","Predominantly Urban",47700,"389.8",340000,"25.1",1945,0,0,NA,NA,NA,"0.97",NA
"88",88,"E07000049","East Dorset",835,410,0.491017964071856,"Urban with Significant Rural (rural including hub towns 26-49%)","Urban with Significant Rural",87200,"444",350000,"27.7",4360,0,0,NA,NA,NA,"0.86",NA
"89",89,"E07000050","North Dorset",380,155,0.407894736842105,"Mainly Rural (rural including hub towns >=80%)","Predominantly Rural",68600,"409.4",257500,"26.9",3515,0,0,NA,NA,NA,"0.81",NA
"90",90,"E07000051","Purbeck",200,105,0.525,"Mainly Rural (rural including hub towns >=80%)","Predominantly Rural",45000,"360.1",3e+05,"25.7",2140,0,0,NA,NA,NA,"0.93",NA
"91",91,"E07000052","West Dorset",580,250,0.431034482758621,"Mainly Rural (rural including hub towns >=80%)","Predominantly Rural",99300,"414.9",285000,"30.8",5560,0,0,NA,NA,NA,"1.16",NA
"92",92,"E07000053","Weymouth and Portland",750,370,0.493333333333333,"Urban with City and Town","Predominantly Urban",65200,"389.2",210000,"22.5",1735,0,0,NA,NA,NA,"0.58",NA
"93",93,"E07000061","Eastbourne",1110,670,0.603603603603604,"Urban with City and Town","Predominantly Urban",99400,"424.6",230000,"24.4",3060,484315,100412,5,442218.999985009,444.888329964798,"0.84",27
"94",94,"E07000062","Hastings",1000,555,0.555,"Urban with City and Town","Predominantly Urban",90300,"391",215000,"21.2",2735,298502,91570,3,992857,1099.50941306755,"0.66",26.6
"95",95,"E07000063","Lewes",807,436,0.540272614622057,"Urban with Significant Rural (rural including hub towns 26-49%)","Urban with Significant Rural",97500,"476.8",320000,"29.4",4410,652245,100813,6,2777686,2848.90871794872,"0.79",27.6
"96",96,"E07000064","Rother",540,280,0.518518518518518,"Largely Rural (rural including hub towns 50-79%)","Predominantly Rural",90600,"383",278665,"25.5",4190,501122,92581,5,550763,607.906181015452,"0.67",25.9
"97",97,"E07000065","Wealden",1010,465,0.46039603960396,"Mainly Rural (rural including hub towns >=80%)","Predominantly Rural",148900,"444.4",312750,"28.9",8510,1105451,147808,7,290859,195.338482202821,"0.73",26.3
"98",98,"E07000066","Basildon",2175,1415,0.650574712643678,"Urban with City and Town","Predominantly Urban",174500,"473.8",285000,"18.6",7565,926987,181283,5,8750,5.01432664756447,"0.84",38.3
"99",99,"E07000067","Braintree",990,530,0.535353535353535,"Largely Rural (rural including hub towns 50-79%)","Predominantly Rural",147100,"497.3",270000,"22.2",6620,1000890,150632,7,53335,36.2576478585996,"0.72",36.4
"100",100,"E07000068","Brentwood",1065,680,0.63849765258216,"Urban with Significant Rural (rural including hub towns 26-49%)","Urban with Significant Rural",73600,"616.1",420000,"30.7",4390,578081,72131,8,47666,64.7635869565217,"0.89",51.2
"101",101,"E07000069","Castle Point",1101,718,0.652134423251589,"Urban with City and Town","Predominantly Urban",88000,"467.6",294000,"14.6",3205,564394,89619,6,29400,33.4090909090909,"0.56",24
"102",102,"E07000070","Chelmsford",2475,1559,0.62989898989899,"Urban with City and Town","Predominantly Urban",168300,"513.2",335000,"28.8",8010,1174831,156070,8,2176836,1293.42602495544,"0.94",33
"103",103,"E07000071","Colchester",1960,1135,0.579081632653061,"Urban with Significant Rural (rural including hub towns 26-49%)","Urban with Significant Rural",173100,"428.1",268000,"27.2",7040,1014977,160527,6,3325833,1921.33622183709,"0.79",32.7
"104",104,"E07000072","Epping Forest",1104,741,0.671195652173913,"Urban with Significant Rural (rural including hub towns 26-49%)","Urban with Significant Rural",124700,"526.8",442500,"25.3",7890,873384,134206,7,33355,26.7481956696071,"0.8",41.2
"105",105,"E07000073","Harlow",950,650,0.684210526315789,"Urban with City and Town","Predominantly Urban",81900,"478.5",282500,"17.6",2875,408067,84249,5,93871,114.616605616606,"0.88",31.7
"106",106,"E07000074","Maldon",435,235,0.540229885057471,"Mainly Rural (rural including hub towns >=80%)","Predominantly Rural",61600,"477.1",320000,"23.6",3400,415094,61846,7,97004,157.474025974026,"0.73",27.6
"107",107,"E07000075","Rochford",1154,742,0.642980935875217,"Urban with City and Town","Predominantly Urban",83300,"507.3",330000,"20",3585,535621,69617,8,14900,17.8871548619448,"0.56",29.3
"108",108,"E07000076","Tendring",1005,560,0.557213930348259,"Largely Rural (rural including hub towns 50-79%)","Predominantly Rural",138000,"424.5",225000,"15.9",4375,564158,148143,4,38904,28.1913043478261,"0.63",26.4
"109",109,"E07000077","Uttlesford",600,325,0.541666666666667,"Mainly Rural (rural including hub towns >=80%)","Predominantly Rural",79400,"563.3",395000,"31.9",5365,681369,82437,8,67818,85.4130982367758,"1.02",28.9
"110",110,"E07000078","Cheltenham",1625,939,0.577846153846154,"Urban with City and Town","Predominantly Urban",115700,"513.8",260000,"36.2",5255,793568,114061,7,714722,617.737251512532,"0.96",31.2
"111",111,"E07000079","Cotswold",300,145,0.483333333333333,"Mainly Rural (rural including hub towns >=80%)","Predominantly Rural",82900,"465.7",350000,"33.7",6170,579519,75870,8,39650,47.8287092882992,"1.09",44.1
"112",112,"E07000080","Forest of Dean",230,100,0.434782608695652,"Mainly Rural (rural including hub towns >=80%)","Predominantly Rural",82000,"402.7",205000,"24",4045,485674,86274,6,162547,198.228048780488,"0.64",38.2
"113",113,"E07000081","Gloucester",1805,1144,0.633795013850415,"Urban with City and Town","Predominantly Urban",121700,"430.2",188500,"22.2",3645,646419,118730,5,997756,819.848808545604,"0.89",29.4
"114",114,"E07000082","Stroud",1155,555,0.480519480519481,"Urban with Significant Rural (rural including hub towns 26-49%)","Urban with Significant Rural",112800,"473.7",265000,"32.9",5965,863842,109895,8,420588,372.86170212766,"0.89",29.1
"115",115,"E07000083","Tewkesbury",725,355,0.489655172413793,"Largely Rural (rural including hub towns 50-79%)","Predominantly Rural",81900,"441.4",262000,"30.2",4160,495545,68086,7,136785,167.014652014652,"1.01",35.3
"116",116,"E07000084","Basingstoke and Deane",1735,1120,0.645533141210375,"Urban with Significant Rural (rural including hub towns 26-49%)","Urban with Significant Rural",167800,"539.6",310000,"30.5",7710,1219427,166640,7,311604,185.699642431466,"0.86",47.5
"117",117,"E07000085","East Hampshire",1208,617,0.510761589403974,"Mainly Rural (rural including hub towns >=80%)","Predominantly Rural",115600,"543.5",360000,"33.9",6405,932372,116373,8,83050,71.8425605536332,"0.81",32.2
"118",118,"E07000086","Eastleigh",1720,940,0.546511627906977,"Urban with City and Town","Predominantly Urban",125200,"477.6",290000,"27.9",6450,963707,119819,8,2432619,1942.98642172524,"0.9",38.9
"119",119,"E07000087","Fareham",1392,722,0.51867816091954,"Urban with City and Town","Predominantly Urban",111600,"524.3",286000,"29.8",4455,986018,117808,8,38949,34.9005376344086,"0.8",36.9
"120",120,"E07000088","Gosport",873,468,0.536082474226804,"Urban with City and Town","Predominantly Urban",82600,"407",205000,"21.5",1925,433935,77023,6,106530,128.970944309927,"0.5",31.5
"121",121,"E07000089","Hart",1290,720,0.558139534883721,"Urban with Significant Rural (rural including hub towns 26-49%)","Urban with Significant Rural",91000,"546.2",395000,"37.5",4860,852899,90882,9,0,0,"0.81",49.3
"122",122,"E07000090","Havant",1023,556,0.543499511241447,"Urban with City and Town","Predominantly Urban",120700,"466.3",263000,"22.3",4190,674674,121816,6,120000,99.4200497100249,"0.64",37.7
"123",123,"E07000091","New Forest",1432,717,0.500698324022346,"Urban with Significant Rural (rural including hub towns 26-49%)","Urban with Significant Rural",176500,"453.8",322500,"27.2",7905,1281046,177111,7,196036,111.068555240793,"0.84",37
"124",124,"E07000092","Rushmoor",1179,709,0.601357082273113,"Urban with City and Town","Predominantly Urban",93800,"519.7",301000,"24.7",3340,625824,96519,6,49975,53.2782515991471,"0.96",62.7
"125",125,"E07000093","Test Valley",1010,522,0.516831683168317,"Urban with Significant Rural (rural including hub towns 26-49%)","Urban with Significant Rural",116400,"498.3",305000,"30.5",6145,819461,105761,8,208411,179.047250859107,"0.95",32.3
"126",126,"E07000094","Winchester",1060,540,0.509433962264151,"Largely Rural (rural including hub towns 50-79%)","Predominantly Rural",116600,"589.3",425000,"40.7",7745,989014,118713,8,443432,380.301886792453,"1.29",38.9
"127",127,"E07000095","Broxbourne",1445,965,0.667820069204152,"Urban with Major Conurbation","Predominantly Urban",93600,"511.6",345000,"19.2",4065,549366,93257,6,34652,37.0213675213675,"0.68",34.3
"128",128,"E07000096","Dacorum",2145,1375,0.641025641025641,"Urban with Significant Rural (rural including hub towns 26-49%)","Urban with Significant Rural",144800,"539.8",387000,"30.9",7900,1076874,150611,7,106889,73.8183701657459,"0.83",31.5
"129",129,"E07000097","East Hertfordshire",2046,1169,0.571358748778104,"Urban with Significant Rural (rural including hub towns 26-49%)","Urban with Significant Rural",137700,"574.9",385000,"33.5",9015,1113276,128278,9,37656,27.3464052287582,"1.02",28.9
"130",130,"E07000098","Hertsmere",1640,1150,0.701219512195122,"Urban with Major Conurbation","Predominantly Urban",1e+05,"556.6",450000,"30.8",7160,726406,104009,7,8500,8.5,"0.98",42.6
"131",131,"E07000099","North Hertfordshire",1811,1080,0.596355604638321,"Urban with Significant Rural (rural including hub towns 26-49%)","Urban with Significant Rural",127100,"541.4",341500,"34.4",6495,895293,118238,8,36733,28.9008654602675,"0.78",35.2
"132",132,"E07000100","St Albans",2965,1871,0.631028667790894,"Urban with City and Town","Predominantly Urban",140600,"665.2",530000,"46.3",8915,1192725,139158,9,68360,48.6201991465149,"1.01",32.1
"133",133,"E07000101","Stevenage",1290,845,0.655038759689923,"Urban with City and Town","Predominantly Urban",84000,"508",272750,"22.1",3055,390410,77598,5,23000.00001,27.3809523928571,"0.93",31.9
"134",134,"E07000102","Three Rivers",1524,977,0.641076115485564,"Urban with Major Conurbation","Predominantly Urban",87300,"528.7",465000,"33.9",5195,696732,86988,8,44121,50.5395189003436,"0.91",55
"135",135,"E07000103","Watford",1598,1125,0.704005006257822,"Urban with Major Conurbation","Predominantly Urban",90300,"517.6",366000,"32.2",4875,576785,89719,6,1492022,1652.29457364341,"1.56",35.4
"136",136,"E07000104","Welwyn Hatfield",1199,730,0.60884070058382,"Urban with City and Town","Predominantly Urban",110500,"497.5",375000,"30",5090,743075,107954,7,1863715,1686.61990950226,"1.25",31.3
"137",137,"E07000105","Ashford",1050,635,0.604761904761905,"Urban with Significant Rural (rural including hub towns 26-49%)","Urban with Significant Rural",118000,"477.4",275000,"24.6",6205,616804,107902,6,3576552,3030.97627118644,"0.97",27.7
"138",138,"E07000106","Canterbury",1620,860,0.530864197530864,"Urban with City and Town","Predominantly Urban",151200,"432.4",295000,"27.3",5265,902772,147085,6,5791480,3830.34391534391,"0.8",27.7
"139",139,"E07000107","Dartford",252,148,0.587301587301587,"Urban with Major Conurbation","Predominantly Urban",97400,"538.4",310000,"22",4240,543218,93462,6,0,0,"0.96",37
"140",140,"E07000108","Dover",865,495,0.572254335260116,"Urban with Significant Rural (rural including hub towns 26-49%)","Urban with Significant Rural",111700,"474.9",236250,"22",3370,570867,111986,5,86281,77.2435094001791,"0.61",37.5
"141",141,"E07000109","Gravesham",1185,760,0.641350210970464,"Urban with Major Conurbation","Predominantly Urban",101700,"458",285000,"20",3830,546108,104679,5,109586,107.754178957719,"0.57",30.1
"142",142,"E07000110","Maidstone",1710,990,0.578947368421053,"Urban with Significant Rural (rural including hub towns 26-49%)","Urban with Significant Rural",155200,"486.6",3e+05,"25.6",7295,1013514,157044,6,2428329,1564.6449742268,"0.91",31.9
"143",143,"E07000111","Sevenoaks",1278,767,0.600156494522692,"Largely Rural (rural including hub towns 50-79%)","Predominantly Rural",114900,"498.3",405000,"32",6580,863783,116729,7,96640,84.1079199303742,"0.85",43.5
"144",144,"E07000112","Shepway",1035,525,0.507246376811594,"Urban with Significant Rural (rural including hub towns 26-49%)","Urban with Significant Rural",108000,NA,NA,NA,NA,0,0,NA,NA,NA,NA,NA
"145",145,"E07000113","Swale",1225,710,0.579591836734694,"Largely Rural (rural including hub towns 50-79%)","Predominantly Rural",135800,"498.8",238000,"18.9",4820,577948,132087,4,265824,195.746686303387,"0.71",30.7
"146",146,"E07000114","Thanet",1545,870,0.563106796116505,"Urban with City and Town","Predominantly Urban",134200,"388.8",225000,"19.6",3865,531928,135570,4,1832716,1365.66020864382,"0.66",25.2
"147",147,"E07000115","Tonbridge and Malling",1360,760,0.558823529411765,"Urban with Significant Rural (rural including hub towns 26-49%)","Urban with Significant Rural",120800,"527.8",343000,"27.1",5745,865722,121022,7,29924,24.7715231788079,"0.87",42
"148",148,"E07000116","Tunbridge Wells",1490,775,0.520134228187919,"Urban with Significant Rural (rural including hub towns 26-49%)","Urban with Significant Rural",115000,"536.7",365000,"34.6",6365,857406,112487,8,267140,232.295652173913,"0.86",38.5
"149",149,"E07000117","Burnley",1120,740,0.660714285714286,"Urban with City and Town","Predominantly Urban",87000,"402.5",90000,"18.7",2530,282708,92949,3,111032,127.622988505747,"0.79",30.4
"150",150,"E07000118","Chorley",1206,724,0.600331674958541,"Urban with Significant Rural (rural including hub towns 26-49%)","Urban with Significant Rural",107200,"473",167000,"27.8",4350,659989,102435,6,1735919,1619.32742537313,"0.63",28.5
"151",151,"E07000119","Fylde",945,530,0.560846560846561,"Urban with City and Town","Predominantly Urban",75800,"477.5",195000,"29.8",3250,520049,79852,7,43653,57.589709762533,"1",38.7
"152",152,"E07000120","Hyndburn",1195,710,0.594142259414226,"Urban with City and Town","Predominantly Urban",80700,"412.9",1e+05,"18.9",2245,275177,78397,4,23106,28.631970260223,"0.7",28.4
"153",153,"E07000121","Lancaster",1545,735,0.475728155339806,"Urban with Significant Rural (rural including hub towns 26-49%)","Urban with Significant Rural",138400,"411",150000,"27.2",4585,705963,139809,5,1224485.99999713,884.744219651102,"0.7",31
"154",154,"E07000122","Pendle",1095,680,0.621004566210046,"Urban with City and Town","Predominantly Urban",89500,"415",106975,"20.2",2790,314927,84034,4,496287,554.51061452514,"0.71",29.1
"155",155,"E07000123","Preston",2100,1380,0.657142857142857,"Urban with City and Town","Predominantly Urban",140200,"402.5",140000,"24.6",5165,578781,141674,4,1835979,1309.54279600571,"1.06",30.4
"156",156,"E07000124","Ribble Valley",400,205,0.5125,"Mainly Rural (rural including hub towns >=80%)","Predominantly Rural",57100,"498.1",215000,"34",3305,450838,57775,8,36510,63.9404553415061,"0.87",34.9
"157",157,"E07000125","Rossendale",1070,625,0.58411214953271,"Urban with City and Town","Predominantly Urban",68000,"402.5",129000,"25.1",2800,342155,73625,5,175421,257.972058823529,"0.6",26.1
"158",158,"E07000126","South Ribble",1744,1057,0.606077981651376,"Urban with City and Town","Predominantly Urban",109100,"440.5",163000,"26.4",3890,664792,99395,7,17060,15.6370302474794,"0.87",39.8
"159",159,"E07000127","West Lancashire",1271,828,0.651455546813533,"Urban with Significant Rural (rural including hub towns 26-49%)","Urban with Significant Rural",110700,"418.6",185000,"25.4",4410,718016,115744,6,33026,29.8337850045167,"0.83",30
"160",160,"E07000128","Wyre",1295,685,0.528957528957529,"Largely Rural (rural including hub towns 50-79%)","Predominantly Rural",107700,"388.1",155000,"23",4215,633658,109544,6,68677,63.7669452181987,"0.64",30.2
"161",161,"E07000129","Blaby",575,295,0.51304347826087,"Urban with City and Town","Predominantly Urban",93900,"469.6",209000,"24.9",4380,797219,101777,8,1734417,1847.08945686901,"1.07",36.7
"162",162,"E07000130","Charnwood",1905,1060,0.556430446194226,"Urban with City and Town","Predominantly Urban",166100,"442.1",205000,"26.8",6755,1243905,172896,7,415421.00001625,250.102950039886,"0.62",32.9
"163",163,"E07000131","Harborough",850,440,0.517647058823529,"Mainly Rural (rural including hub towns >=80%)","Predominantly Rural",85400,"510.9",260000,"31.8",5240,679109,79158,9,24800,29.03981264637,"0.89",29.2
"164",164,"E07000132","Hinckley and Bosworth",965,560,0.580310880829015,"Largely Rural (rural including hub towns 50-79%)","Predominantly Rural",105100,"464",194950,"24.1",4570,763070,106868,7,14049,13.3672692673644,"0.7",31.9
"165",165,"E07000133","Melton",380,205,0.539473684210526,"Mainly Rural (rural including hub towns >=80%)","Predominantly Rural",50400,"411.2",195000,"26.2",2530,382476,51470,7,7749,15.375,"0.8",33.5
"166",166,"E07000134","North West Leicestershire",855,485,0.567251461988304,"Largely Rural (rural including hub towns 50-79%)","Predominantly Rural",93500,"452.2",199950,"24.3",4250,653240,96468,7,202242,216.301604278075,"1.09",32.9
"167",167,"E07000135","Oadby and Wigston",943,723,0.766702014846235,"Urban with City and Town","Predominantly Urban",56200,"432.8",190000,"24.8",1935,274094,42200,6,29977,53.3398576512455,"0.63",24.2
"168",168,"E07000136","Boston",475,200,0.421052631578947,"Urban with Significant Rural (rural including hub towns 26-49%)","Urban with Significant Rural",64600,"373.7",153000,"15.1",2170,283945,61081,5,0,0,"0.9",25
"169",169,"E07000137","East Lindsey",730,285,0.39041095890411,"Mainly Rural (rural including hub towns >=80%)","Predominantly Rural",136400,"394",162500,"18.1",5405,523400,139275,4,143415,105.142961876833,"0.78",27.9
"170",170,"E07000138","Lincoln",1040,540,0.519230769230769,"Urban with City and Town","Predominantly Urban",93500,"368",145000,"21.3",2530,398349,93478,4,1840792,1968.7614973262,"0.95",29.2
"171",171,"E07000139","North Kesteven",885,350,0.395480225988701,"Mainly Rural (rural including hub towns >=80%)","Predominantly Rural",107800,"430.4",188000,"25.4",4025,811418,108892,7,375227,348.076994434137,"0.73",35.7
"172",172,"E07000140","South Holland",545,205,0.376146788990826,"Largely Rural (rural including hub towns 50-79%)","Predominantly Rural",88300,"446.3",176500,"15.8",3960,484163,87287,6,0,0,"0.76",30.1
"173",173,"E07000141","South Kesteven",1360,645,0.474264705882353,"Largely Rural (rural including hub towns 50-79%)","Predominantly Rural",133800,"409.3",206750,"25.6",5865,960537,135908,7,0,0,"0.78",27.9
"174",174,"E07000142","West Lindsey",205,95,0.463414634146341,"Mainly Rural (rural including hub towns >=80%)","Predominantly Rural",89200,"457.4",169972.5,"25.3",3730,542921,93575,6,23694,26.5627802690583,"0.56",30.7
"175",175,"E07000143","Breckland",690,330,0.478260869565217,"Mainly Rural (rural including hub towns >=80%)","Predominantly Rural",130500,"430",215000,"18.6",5115,724467,136190,5,53712,41.1586206896552,"0.7",28.8
"176",176,"E07000144","Broadland",795,414,0.520754716981132,"Urban with Significant Rural (rural including hub towns 26-49%)","Urban with Significant Rural",124700,"416.2",242250,"23.2",5265,946110,126945,7,637600.0006,511.307137610265,"0.77",39.5
"177",177,"E07000145","Great Yarmouth",710,340,0.47887323943662,"Urban with Significant Rural (rural including hub towns 26-49%)","Urban with Significant Rural",97300,"368.1",170000,"14.2",2830,359216,98255,4,615479,632.558067831449,"0.7",28.1
"178",178,"E07000146","King's Lynn and West Norfolk",659,305,0.462822458270106,"Largely Rural (rural including hub towns 50-79%)","Predominantly Rural",147500,"391.1",210000,"19.1",5500,662551,146362,5,95591,64.8074576271187,"0.8",30.9
"179",179,"E07000147","North Norfolk",365,140,0.383561643835616,"Mainly Rural (rural including hub towns >=80%)","Predominantly Rural",101500,"406.6",245000,"22.3",4295,408793,84961,5,21162,20.8492610837438,"0.78",25
"180",180,"E07000148","Norwich",1203,699,0.581047381546135,"Urban with City and Town","Predominantly Urban",132500,"396",185000,"27.7",4605,572455,129645,4,6140104,4634.04075471698,"1.1",27.9
"181",181,"E07000149","South Norfolk",550,260,0.472727272727273,"Mainly Rural (rural including hub towns >=80%)","Predominantly Rural",124000,"476",249000,"27",5670,725950,108037,7,326101,262.984677419355,"0.82",28.9
"182",182,"E07000150","Corby",650,420,0.646153846153846,"Urban with City and Town","Predominantly Urban",61300,"408.6",182995,"14.9",2340,0,0,NA,NA,NA,"0.83",NA
"183",183,"E07000151","Daventry",430,235,0.546511627906977,"Mainly Rural (rural including hub towns >=80%)","Predominantly Rural",77800,"486.2",272725,"28.8",4575,0,0,NA,NA,NA,"0.98",NA
"184",184,"E07000152","East Northamptonshire",915,440,0.480874316939891,"Largely Rural (rural including hub towns 50-79%)","Predominantly Rural",86800,"496.8",215000,"24.2",3875,0,0,NA,NA,NA,"0.65",NA
"185",185,"E07000153","Kettering",1155,630,0.545454545454545,"Urban with City and Town","Predominantly Urban",93500,"435.2",197000,"23.3",3665,0,0,NA,NA,NA,"0.84",NA
"186",186,"E07000154","Northampton",2905,1964,0.676075731497418,"Urban with City and Town","Predominantly Urban",212100,"439.7",197000,"23.7",10715,0,0,NA,NA,NA,"1.04",NA
"187",187,"E07000155","South Northamptonshire",465,230,0.494623655913978,"Mainly Rural (rural including hub towns >=80%)","Predominantly Rural",85200,"500",295000,"31.1",5945,0,0,NA,NA,NA,"0.85",NA
"188",188,"E07000156","Wellingborough",785,450,0.573248407643312,"Urban with Significant Rural (rural including hub towns 26-49%)","Urban with Significant Rural",75400,"418.3",197000,"20.4",3810,0,0,NA,NA,NA,"0.81",NA
"189",189,"E07000163","Craven",425,215,0.505882352941176,"Mainly Rural (rural including hub towns >=80%)","Predominantly Rural",55400,"402.5",195250,"31.8",3560,312186,43804,7,NA,NA,"1.2",NA
"190",190,"E07000164","Hambleton",380,195,0.513157894736842,"Mainly Rural (rural including hub towns >=80%)","Predominantly Rural",89100,"465.8",225000,"32.1",5345,531482,70401,8,NA,NA,"0.97",NA
"191",191,"E07000165","Harrogate",1900,999,0.52578947368421,"Urban with Significant Rural (rural including hub towns 26-49%)","Urban with Significant Rural",157900,"483.2",270000,"34.1",9135,1218689,156637,8,NA,NA,"1.03",NA
"192",192,"E07000166","Richmondshire",280,95,0.339285714285714,"Mainly Rural (rural including hub towns >=80%)","Predominantly Rural",52000,"389.9",192250,"27",2765,328272,44504,7,NA,NA,"0.97",NA
"193",193,"E07000167","Ryedale",185,85,0.459459459459459,"Mainly Rural (rural including hub towns >=80%)","Predominantly Rural",51700,"387.5",212500,"27.3",3620,244812,39975,6,NA,NA,"0.91",NA
"194",194,"E07000168","Scarborough",990,520,0.525252525252525,"Urban with Significant Rural (rural including hub towns 26-49%)","Urban with Significant Rural",108800,"400.1",160000,"22.7",4145,460974,101856,5,NA,NA,"0.89",NA
"195",195,"E07000169","Selby",410,205,0.5,"Mainly Rural (rural including hub towns >=80%)","Predominantly Rural",83500,"479.2",195000,"26.1",3910,551904,75217,7,NA,NA,"0.76",NA
"196",196,"E07000170","Ashfield",1163,674,0.579535683576956,"Urban with City and Town","Predominantly Urban",119500,"437.4",139000,"15.1",3050,514798,119877,4,16509,13.8150627615063,"0.75",30.4
"197",197,"E07000171","Bassetlaw",950,525,0.552631578947368,"Largely Rural (rural including hub towns 50-79%)","Predominantly Rural",112900,"406.4",150000,"20.2",4015,576222,114539,5,10000,8.85739592559787,"0.83",24.5
"198",198,"E07000172","Broxtowe",1417,781,0.551164431898377,"Urban with Minor Conurbation","Predominantly Urban",109500,"497.3",165000,"28.2",3310,803233,115744,7,92879,84.82100456621,"0.61",32.9
"199",199,"E07000173","Gedling",1425,850,0.596491228070175,"Urban with Minor Conurbation","Predominantly Urban",113600,"467.3",170000,"25.3",3500,784248,117129,7,112483,99.0167253521127,"0.48",28.3
"200",200,"E07000174","Mansfield",1215,683,0.562139917695473,"Urban with City and Town","Predominantly Urban",104400,"375.3",130000,"16.4",2740,438344,109547,4,24432,23.4022988505747,"0.66",24.1
"201",201,"E07000175","Newark and Sherwood",745,397,0.532885906040268,"Largely Rural (rural including hub towns 50-79%)","Predominantly Rural",114800,"396.2",174000,"24.2",4815,639465,112393,6,480000,418.118466898955,"0.81",28.1
"202",202,"E07000176","Rushcliffe",1780,945,0.530898876404494,"Largely Rural (rural including hub towns 50-79%)","Predominantly Rural",111100,"534.1",266995,"39",5295,1012700,114490,9,96757.999987075,87.0909090792754,"0.72",37.2
"203",203,"E07000177","Cherwell",1125,640,0.568888888888889,"Urban with Significant Rural (rural including hub towns 26-49%)","Urban with Significant Rural",141900,"486.7",310000,"28.1",6785,923139,134813,7,168952,119.064129668781,"0.93",35.4
"204",204,"E07000178","Oxford",1590,1065,0.669811320754717,"Urban with City and Town","Predominantly Urban",151900,"511.6",395000,"42.6",4730,861430,140112,6,4635412,3051.62080315997,"1.33",31.5
"205",205,"E07000179","South Oxfordshire",980,485,0.494897959183673,"Mainly Rural (rural including hub towns >=80%)","Predominantly Rural",134300,"558.7",380000,"36.7",8215,1141022,132922,9,81128,60.4080416976917,"0.85",36.5
"206",206,"E07000180","Vale of White Horse",905,505,0.558011049723757,"Largely Rural (rural including hub towns 50-79%)","Predominantly Rural",121000,"534.4",350000,"37.2",5830,1036938,122509,8,38957,32.195867768595,"0.89",38.8
"207",207,"E07000181","West Oxfordshire",775,405,0.52258064516129,"Mainly Rural (rural including hub towns >=80%)","Predominantly Rural",104800,"454.2",336995,"32.9",5655,911535,107510,8,128846,122.94465648855,"0.86",35.2
"208",208,"E07000187","Mendip",835,355,0.425149700598802,"Mainly Rural (rural including hub towns >=80%)","Predominantly Rural",109300,"390.9",250000,"27.9",5755,650644,109508,6,NA,NA,"0.9",NA
"209",209,"E07000188","Sedgemoor",700,345,0.492857142857143,"Largely Rural (rural including hub towns 50-79%)","Predominantly Rural",114600,"411.6",210000,"22.1",4880,592995,113697,5,NA,NA,"0.83",NA
"210",210,"E07000189","South Somerset",800,335,0.41875,"Largely Rural (rural including hub towns 50-79%)","Predominantly Rural",161300,"413.1",215000,"25.1",7080,955070,161594,6,NA,NA,"0.88",NA
"211",211,"E07000190","Taunton Deane",840,425,0.505952380952381,"Urban with Significant Rural (rural including hub towns 26-49%)","Urban with Significant Rural",110200,"412.9",218950,"28.1",4770,0,0,NA,NA,NA,"0.96",NA
"212",212,"E07000191","West Somerset",100,45,0.45,"Mainly Rural (rural including hub towns >=80%)","Predominantly Rural",34700,"325.2",235000,"24.8",1755,0,0,NA,NA,NA,"0.83",NA
"213",213,"E07000192","Cannock Chase",1170,740,0.632478632478632,"Urban with Significant Rural (rural including hub towns 26-49%)","Urban with Significant Rural",97500,"453.1",165000,"17.2",3385,503716,95954,5,0,0,"0.77",28.8
"214",214,"E07000193","East Staffordshire",1215,760,0.625514403292181,"Urban with Significant Rural (rural including hub towns 26-49%)","Urban with Significant Rural",113600,"430.8",180000,"23.4",4685,708560,122052,6,15000,13.2042253521127,"0.95",33.5
"215",215,"E07000194","Lichfield",1090,618,0.56697247706422,"Urban with Significant Rural (rural including hub towns 26-49%)","Urban with Significant Rural",100700,"516.1",228000,"28.4",5265,672856,92296,7,13671,13.5759682224429,"0.89",29.2
"216",216,"E07000195","Newcastle-under-Lyme",1362,838,0.615271659324523,"Urban with City and Town","Predominantly Urban",123900,"426.1",138000,"22.5",3545,734391,127529,6,1047148,845.155770782889,"0.67",27.6
"217",217,"E07000196","South Staffordshire",935,560,0.598930481283422,"Urban with Significant Rural (rural including hub towns 26-49%)","Urban with Significant Rural",108100,"500.1",220000,"25.1",4165,667964,98012,7,28760,26.6049953746531,"0.57",29.2
"218",218,"E07000197","Stafford",1280,750,0.5859375,"Urban with Significant Rural (rural including hub towns 26-49%)","Urban with Significant Rural",130800,"490",198500,"30.3",5280,892146,127386,7,1972832,1508.28134556575,"0.89",29.7
"219",219,"E07000198","Staffordshire Moorlands",660,385,0.583333333333333,"Largely Rural (rural including hub towns 50-79%)","Predominantly Rural",97100,"440.8",161000,"23.7",4150,638546,96366,7,6000,6.17919670442842,"0.62",27.5
"220",220,"E07000199","Tamworth",935,577,0.617112299465241,"Urban with City and Town","Predominantly Urban",76800,"457.6",180000,"17.4",2300,415830,77698,5,15000,19.53125,"0.73",30.4
"221",221,"E07000200","Babergh",420,200,0.476190476190476,"Mainly Rural (rural including hub towns >=80%)","Predominantly Rural",87700,"479.1",278000,"25.8",4100,583991,87801,7,10000,11.4025085518814,"0.71",30.7
"222",222,"E07000201","Forest Heath",307,156,0.50814332247557,"Mainly Rural (rural including hub towns >=80%)","Predominantly Rural",59700,"432.3",215000,"19.2",2535,0,0,NA,NA,NA,"0.71",NA
"223",223,"E07000202","Ipswich",1585,991,0.625236593059937,"Urban with City and Town","Predominantly Urban",133400,"416.3",186000,"20.6",4070,624945,140809,4,4343125,3255.71589205397,"0.95",35.3
"224",224,"E07000203","Mid Suffolk",245,135,0.551020408163265,"Mainly Rural (rural including hub towns >=80%)","Predominantly Rural",96700,"451.6",260000,"26.4",4840,693425,98107,7,198422,205.193381592554,"0.78",31.4
"225",225,"E07000204","St Edmundsbury",880,440,0.5,"Largely Rural (rural including hub towns 50-79%)","Predominantly Rural",111000,"496.3",270000,"24.6",4540,0,0,NA,NA,NA,"1.21",NA
"226",226,"E07000205","Suffolk Coastal",985,500,0.50761421319797,"Largely Rural (rural including hub towns 50-79%)","Predominantly Rural",124300,"439.9",280000,"29",5600,0,0,NA,NA,NA,"0.9",NA
"227",227,"E07000206","Waveney",980,480,0.489795918367347,"Urban with Significant Rural (rural including hub towns 26-49%)","Urban with Significant Rural",115300,"384.3",188000,"17.9",3780,0,0,NA,NA,NA,"0.75",NA
"228",228,"E07000207","Elmbridge",1518,973,0.640974967061924,"Urban with Major Conurbation","Predominantly Urban",130900,"615.5",570500,"43.9",8820,1173336,134663,9,88658,67.729564553094,"0.89",61.5
"229",229,"E07000208","Epsom and Ewell",912,568,0.62280701754386,"Urban with Major Conurbation","Predominantly Urban",75100,"583",475000,"36",3725,659072,74705,9,220481,293.583222370173,"0.7",32.9
"230",230,"E07000209","Guildford",1518,907,0.597496706192358,"Urban with City and Town","Predominantly Urban",137200,"594.6",441917.5,"39.5",7435,1176372,142328,8,1589853,1158.78498542274,"1.01",38.2
"231",231,"E07000210","Mole Valley",1085,670,0.617511520737327,"Urban with Significant Rural (rural including hub towns 26-49%)","Urban with Significant Rural",85400,"479.1",480000,"37.9",5405,710562,86762,8,53000,62.0608899297424,"1.07",50.4
"232",232,"E07000211","Reigate and Banstead",1643,978,0.595252586731589,"Urban with City and Town","Predominantly Urban",137800,"581",395000,"34",7115,1051915,137525,8,38727,28.1037735849057,"0.87",51.2
"233",233,"E07000212","Runnymede",617,400,0.648298217179903,"Urban with Major Conurbation","Predominantly Urban",80500,"536.7",409000,"29.9",4420,639514,86660,7,0,0,"1.11",63.7
"234",234,"E07000213","Spelthorne",999,652,0.652652652652653,"Urban with Major Conurbation","Predominantly Urban",95600,"532.6",385000,"25.9",4560,656699,99735,7,27879,29.1621338912134,"0.76",43.6
"235",235,"E07000214","Surrey Heath",1318,743,0.563732928679818,"Urban with City and Town","Predominantly Urban",86200,"634.8",410000,"34.5",4705,782859,90544,9,0,0,"1.16",40.3
"236",236,"E07000215","Tandridge",625,350,0.56,"Urban with Significant Rural (rural including hub towns 26-49%)","Urban with Significant Rural",83000,"573.9",407750,"33",5000,624307,84526,7,190800,229.879518072289,"0.84",29
"237",237,"E07000216","Waverley",1279,696,0.544175136825645,"Largely Rural (rural including hub towns 50-79%)","Predominantly Rural",121600,"531.6",455000,"40.1",8225,1100131,125691,9,2652882,2181.64638157895,"0.86",34.7
"238",238,"E07000217","Woking",1882,1257,0.667906482465462,"Urban with Major Conurbation","Predominantly Urban",99200,"526.8",4e+05,"38.4",5060,766312,95173,8,50527,50.9344758064516,"0.92",37.3
"239",239,"E07000218","North Warwickshire",330,170,0.515151515151515,"Mainly Rural (rural including hub towns >=80%)","Predominantly Rural",62000,"488.5",198750,"19.8",2800,371828,64383,6,9955,16.0564516129032,"1.36",34
"240",240,"E07000219","Nuneaton and Bedworth",1500,915,0.61,"Urban with City and Town","Predominantly Urban",125300,"429.8",165000,"18.6",3610,595171,123786,5,98666,78.7438148443735,"0.69",26
"241",241,"E07000220","Rugby",1055,635,0.601895734597156,"Urban with City and Town","Predominantly Urban",100100,"533.7",225000,"28.2",4980,602440,88232,7,103575.99999612,103.472527468651,"0.82",35.4
"242",242,"E07000221","Stratford-on-Avon",970,500,0.515463917525773,"Mainly Rural (rural including hub towns >=80%)","Predominantly Rural",120500,"508.4",301500,"33.4",8085,885106,119692,7,16426815,13632.2116182573,"1.12",38.5
"243",243,"E07000222","Warwick",1710,965,0.564327485380117,"Urban with City and Town","Predominantly Urban",136000,"534.6",295000,"38.4",7720,1062226,142427,7,1884129,1385.38897058824,"1.11",42.1
"244",244,"E07000223","Adur",565,335,0.592920353982301,"Urban with City and Town","Predominantly Urban",61200,"436.9",3e+05,"22",2345,381302,64580,6,111371,181.978758169935,"0.67",30.9
"245",245,"E07000224","Arun",1330,740,0.556390977443609,"Urban with City and Town","Predominantly Urban",149500,"417",284997.5,"22.8",5330,835359,146158,6,28600,19.1304347826087,"0.69",29.3
"246",246,"E07000225","Chichester",633,302,0.477093206951027,"Largely Rural (rural including hub towns 50-79%)","Predominantly Rural",113800,"421.5",365000,"32.4",6690,755586,110964,7,3409443,2995.99560632689,"1.12",31.4
"247",247,"E07000226","Crawley",1400,980,0.7,"Urban with City and Town","Predominantly Urban",106600,"464.8",285000,"21.5",3405,622284,113805,5,165683,155.424953095685,"1.39",36.5
"248",248,"E07000227","Horsham",1560,840,0.538461538461538,"Largely Rural (rural including hub towns 50-79%)","Predominantly Rural",131300,"493.9",375000,"32.6",7510,1022986,125699,8,70019,53.3274942878903,"0.76",32.5
"249",249,"E07000228","Mid Sussex",1640,965,0.588414634146341,"Urban with City and Town","Predominantly Urban",139900,"515.3",363500,"33.6",7330,1181629,134797,9,132458,94.6804860614725,"0.75",32.2
"250",250,"E07000229","Worthing",1290,815,0.631782945736434,"Urban with City and Town","Predominantly Urban",104600,"440.8",287500,"26",3695,648515,102726,6,131685,125.893881453155,"0.89",47.4
"251",251,"E07000234","Bromsgrove",670,395,0.58955223880597,"Urban with City and Town","Predominantly Urban",93600,"466.7",270000,"30.5",9635,736281,95606,8,16870,18.0235042735043,"0.98",32.5
"252",252,"E07000235","Malvern Hills",590,305,0.516949152542373,"Largely Rural (rural including hub towns 50-79%)","Predominantly Rural",74600,"440.2",260995,"33.9",4295,497751,77872,6,93077,124.768096514745,"0.8",32.1
"253",253,"E07000236","Redditch",1110,770,0.693693693693694,"Urban with City and Town","Predominantly Urban",84200,"424.3",195000,"20.7",2800,423104,82652,5,14845,17.6306413301663,"0.83",32.5
"254",254,"E07000237","Worcester",1160,710,0.612068965517241,"Urban with City and Town","Predominantly Urban",98800,"466.6",190000,"27.7",3070,603071,101891,6,4909638,4969.26923076923,"0.93",33.4
"255",255,"E07000238","Wychavon",750,410,0.546666666666667,"Mainly Rural (rural including hub towns >=80%)","Predominantly Rural",116900,"421",265000,"28.7",6510,775576,120576,6,5000,4.27715996578272,"0.84",29.7
"256",256,"E07000239","Wyre Forest",1030,580,0.563106796116505,"Urban with Significant Rural (rural including hub towns 26-49%)","Urban with Significant Rural",98000,"374.3",175000,"22.1",3460,504711,96231,5,38806,39.5979591836735,"0.73",22.6
"257",257,"E08000001","Bolton",4002,2748,0.686656671664168,"Urban with Major Conurbation","Predominantly Urban",276800,"404.1",129950,"22.2",9445,1191766,294888,4,4413588,1594.50433526012,"0.75",29.7
"258",258,"E08000002","Bury",2433,1508,0.619810933004521,"Urban with Major Conurbation","Predominantly Urban",185100,"457.4",160000,"25.7",8670,978545,193763,5,260998,141.0037817396,"0.73",27.5
"259",259,"E08000003","Manchester",7466,5521,0.739485668363247,"Urban with Major Conurbation","Predominantly Urban",503100,"421.6",165000,"28.9",23845,1183424,478741,2,34687705.0080414,6894.79328325211,"1.17",34.1
"260",260,"E08000004","Oldham",3420,2370,0.692982456140351,"Urban with Major Conurbation","Predominantly Urban",224900,"412",127000,"18.6",7295,857909,231038,4,1089512,484.442863494887,"0.68",27.5
"261",261,"E08000005","Rochdale",3155,2210,0.700475435816165,"Urban with Major Conurbation","Predominantly Urban",211700,"411.4",130000,"19.4",8255,748959,218754,3,504647,238.378365611715,"0.65",27.6
"262",262,"E08000006","Salford",2613,1722,0.659012629161883,"Urban with Major Conurbation","Predominantly Urban",233900,"430.5",160000,"22.3",10055,737397,202108,4,2611065,1116.31680205216,"0.87",35.7
"263",263,"E08000007","Stockport",4100,2576,0.628292682926829,"Urban with Major Conurbation","Predominantly Urban",283300,"479.2",210000,"29.8",11535,1700186,290653,6,301788,106.525944228733,"0.88",30.8
"264",264,"E08000008","Tameside",2877,1891,0.657281890858533,"Urban with Major Conurbation","Predominantly Urban",219300,"427.6",138000,"17.5",6135,812294,227465,4,845021,385.326493388053,"0.57",29.1
"265",265,"E08000009","Trafford",3734,2359,0.631762185324049,"Urban with Major Conurbation","Predominantly Urban",226600,"549.7",255000,"33.8",11355,1582836,233529,7,382157,168.64827890556,"1.15",36.2
"266",266,"E08000010","Wigan",4493,2966,0.660137992432673,"Urban with Major Conurbation","Predominantly Urban",317800,"428.7",133500,"19.5",8660,1577759,326386,5,168276,52.9502831969792,"0.63",27.5
"267",267,"E08000011","Knowsley",2029,1553,0.765401675702316,"Urban with Major Conurbation","Predominantly Urban",145900,"434.2",129995,"15.5",3295,386611,148827,3,177569,121.705962988348,"0.73",32.1
"268",268,"E08000012","Liverpool",6397,5169,0.808035016413944,"Urban with Major Conurbation","Predominantly Urban",466400,"436",127000,"22.4",14600,1243365,465354,3,11800831.9999349,2530.1955402948,"0.85",31.1
"269",269,"E08000013","St. Helens",2539,1695,0.667585663647105,"Urban with Major Conurbation","Predominantly Urban",175300,"442.1",130000,"20.9",4560,647511,161323,4,742916,423.796919566457,"0.63",25.7
"270",270,"E08000014","Sefton",4340,2884,0.664516129032258,"Urban with Major Conurbation","Predominantly Urban",273800,"418.3",163000,"24.1",7965,1311401,276243,5,699393,255.439371804237,"0.63",29.4
"271",271,"E08000015","Wirral",5580,3611,0.647132616487455,"Urban with Major Conurbation","Predominantly Urban",319800,"434.8",157549,"25.3",8550,1443973,313356,5,231589,72.416823014384,"0.61",29.3
"272",272,"E08000016","Barnsley",2140,1255,0.586448598130841,"Urban with Minor Conurbation","Predominantly Urban",231200,"411.1",126500,"17.4",6325,921427,240618,4,3308595,1431.05320069204,"0.64",26.6
"273",273,"E08000017","Doncaster",3060,1739,0.568300653594771,"Urban with Minor Conurbation","Predominantly Urban",302400,"411.5",128000,"17",8800,1148670,294571,4,1281610,423.812830687831,"0.72",26.3
"274",274,"E08000018","Rotherham",2875,1720,0.598260869565217,"Urban with Minor Conurbation","Predominantly Urban",257300,"397.9",135000,"17.4",7115,973203,243993,4,714546,277.709288767975,"0.7",26.6
"275",275,"E08000019","Sheffield",6795,4839,0.712141280353201,"Urban with Minor Conurbation","Predominantly Urban",552700,"426.8",154000,"25.7",15745,2623833,552267,5,5433379,983.061154333273,"0.76",30.1
"276",276,"E08000020","Gateshead",2257,1457,0.645547186530793,"Urban with Major Conurbation","Predominantly Urban",200200,"410.3",135000,"21.5",5185,792884,186085,4,7263338.9999881,3628.04145853552,"0.81",27.5
"277",277,"E08000021","Newcastle upon Tyne",2871,2021,0.703935910832463,"Urban with Major Conurbation","Predominantly Urban",280200,"430.9",156000,"27.2",7955,1070864,226781,5,10356443.999985,3696.08993575482,"1.01",30.7
"278",278,"E08000022","North Tyneside",2744,1624,0.591836734693878,"Urban with Major Conurbation","Predominantly Urban",200800,"412.2",168000,"25.3",5070,1088779,201299,5,473592,235.852589641434,"0.74",32.4
"279",279,"E08000023","South Tyneside",1735,1180,0.680115273775216,"Urban with Major Conurbation","Predominantly Urban",148100,"418.4",135000,"19.2",3345,527159,145386,4,154166,104.095881161377,"0.51",25.9
"280",280,"E08000024","Sunderland",3477,2446,0.70348001150417,"Urban with Major Conurbation","Predominantly Urban",275500,"408.3",125000,"18.2",5680,1007934,267288,4,1667145,605.134301270417,"0.75",35.5
"281",281,"E08000025","Birmingham",18182,13930,0.766142338576614,"Urban with Major Conurbation","Predominantly Urban",1073000,"427.9",166000,"23",34565,3045212,1072043,3,27817771.000206,2592.52292639385,"0.8",31
"282",282,"E08000026","Coventry",4480,3347,0.747098214285714,"Urban with City and Town","Predominantly Urban",318600,"464.2",170000,"23",9845,1481500,320212,5,8373618,2628.25423728814,"0.73",36.8
"283",283,"E08000027","Dudley",5004,3180,0.635491606714628,"Urban with Major Conurbation","Predominantly Urban",312900,"444.3",160000,"19.2",9490,1564291,316166,5,1072057,342.619686800895,"0.68",26.2
"284",284,"E08000028","Sandwell",3861,2636,0.682724682724683,"Urban with Major Conurbation","Predominantly Urban",308100,"417.9",140000,"15.4",8775,895824,318534,3,1134703,368.290490100617,"0.67",29.4
"285",285,"E08000029","Solihull",3125,1961,0.62752,"Urban with Major Conurbation","Predominantly Urban",206700,"480.5",265000,"28.5",8225,1433038,216323,7,458478,221.808417997097,"1.21",43.5
"286",286,"E08000030","Walsall",3797,2478,0.652620489860416,"Urban with Major Conurbation","Predominantly Urban",269300,"413.1",152000,"16.9",7525,1032994,281037,4,1582706.00088149,587.71110318659,"0.7",25.9
"287",287,"E08000031","Wolverhampton",3988,2782,0.697592778335005,"Urban with Major Conurbation","Predominantly Urban",249500,"412",142500,"19.5",7545,881317,255003,3,1108603,444.329859719439,"0.74",28.2
"288",288,"E08000032","Bradford",7970,5524,0.693099121706399,"Urban with Major Conurbation","Predominantly Urban",522500,"414",132500,"21.8",15430,1773078,512650,3,3639788,696.61014354067,"0.69",27.6
"289",289,"E08000033","Calderdale",2360,1520,0.644067796610169,"Urban with Major Conurbation","Predominantly Urban",203800,"416.8",137000,"25",8050,941221,207505,5,1582903,776.69430814524,"0.84",32.3
"290",290,"E08000034","Kirklees",5705,3808,0.667484662576687,"Urban with Major Conurbation","Predominantly Urban",422500,"415.8",145000,"23.9",14520,1964834,425129,5,1760800,416.757396449704,"0.68",26.7
"291",291,"E08000035","Leeds",8826,5852,0.663041015182416,"Urban with Major Conurbation","Predominantly Urban",751500,"457.4",172000,"26.9",28385,3718039,785024,5,27026325,3596.31736526946,"1",33.4
"292",292,"E08000036","Wakefield",3430,2040,0.594752186588921,"Urban with City and Town","Predominantly Urban",325800,"417.3",149995,"18.3",9445,1433074,333934,4,9651310,2962.34192756292,"0.79",28.8
"293",293,"Inner London BUA","Inner London BUA",36880,29541,0.801,"Urban with Major Conurbation","Predominantly Urban",2923700,"634.4",6e+05,"47.45",251510,NA,NA,NA,201625212.999223,6896.23466837305,"1.42",45.0076923076923
"294",294,"Outer London BUA","Outer London BUA",88005,71988,0.818,"Urban with Major Conurbation","Predominantly Urban",5250400,"535.75",432500,"33.3",254680,NA,NA,NA,22984740.0004956,437.771217440493,"0.62",39.195
